Full Name,Phone,Email,Age,Experience,Yearly Income,Has children,License states,Expiration date,License number
Sukey Lulham,,slulham0@sourceforge.net,,95,75,,,03/31/2021,1sadx1
Neala Mattholie,Neala,,asd,33,22.85,false,,,empowering
Prent Evason,Prent,slulham0@sourceforge.net,73,70,99.65,true,,04/27/2021,Horizontal
Danica Domini,Danica,ddominn.co.uk,23,85,77.57,false,,01/02/2021,bi-directional
Enoch Egan,Enoch,eegan4@ucoz.ru,39,54,92.51,true,,06/10/2020,bi-directional
Morena Bothwell,,mbothwell5@dailymotion.com,25,18,10.05,false,asd,09/27/2020,algorithm
Miriam Sonley,Miriam,msonley6@oakley.com,22,100,24.65,true,Alaska,08/17/2020,multi-tasking
Kinny Tames,Kinny,ktames7@hc360.com,36,26,40.56,false,Arizona,aSASas,concept
Fonsie Bread,Fonsie,fbread8@virginia.edu,83,23,99.88,faslse,Colorado | Arkansas ,02/05/2021,Centralized
Pierson Sandercock,Pierson,psandercock9@dagondesign.com,61,92,44.14,false,,11/27/2020,Robust
Allx Molyneux,Allx,eegan4@ucoz.ru,33,31,14.63,falase,,09.10.2020,middleware
Hephzibah Bugge,Hephzibah,hbuggeb@ovnet,70,51,88.05,fflse,,11/30/2020,eco-centric
Austine Larive,+12512412111,alariblinklist.com,89,62,79.96,false,,07/18/2020,reciprocal
Stephanus D'Ruel,Stephanus,sdrueld@desdev.cn,27,47,98.47,true,Colorado ,04/26/2021,impactful
Clevey Adrienne,Clevey,cadriennee@cbslocal.com,79,80,,true,,01/05/2021,solution-oriented
Wanda Wethered,Wanda,wwetheredf@spiegel.de,87,98,49.39,false,,,Multi-tiered
Willey Picton,Willey,wpictong@cnbc.com,21,47,as,true,,08/08/2020,leverage
Linnet Liepmann,Linnet,lliepmannh@blogtalkradio.com,46,68,94.25,true,,07/02/2020,strategy
Manuel Bruhnke,Manuel,mbruhnkei@digg.com,34,63,,true,,01/23/2021,24/7
Herrick Pavyer,Herrick,hpavyerw@a8.net,43,53,-2,TRUE,,06/18/2020,Seamless
Ava Jacqueme,Ava,ajacquemex@fc2.com,33,27,21.11,TRue,,11/07/2020,conglomeration
Ardys Azam,Ardys,aazam1c@cbc.ca,53,77,89.86,true,Braga,12/22/2020,fresh-thinking
Garey Handasyde,Garey,ghandasyde1d@squarespace.com,74,38,64.04,false,,10/17/2020,Multi-channelled
